<?xml version="1.0" encoding="UTF-8"?>
<mule xmlns:json="http://www.mulesoft.org/schema/mule/json"
	xmlns:https="http://www.mulesoft.org/schema/mule/https"
	xmlns:mulexml="http://www.mulesoft.org/schema/mule/xml"
	xmlns:context="http://www.springframework.org/schema/context" xmlns:cxf="http://www.mulesoft.org/schema/mule/cxf"
	xmlns:http="http://www.mulesoft.org/schema/mule/http"
	xmlns:jdbc-ee="http://www.mulesoft.org/schema/mule/ee/jdbc" 
	xmlns:data-mapper="http://www.mulesoft.org/schema/mule/ee/data-mapper" 
	xmlns:file="http://www.mulesoft.org/schema/mule/file" 
	xmlns:jersey="http://www.mulesoft.org/schema/mule/jersey"
	xmlns="http://www.mulesoft.org/schema/mule/core" 
	xmlns:doc="http://www.mulesoft.org/schema/mule/documentation" 
	xmlns:spring="http://www.springframework.org/schema/beans" version="EE-3.3.2" 
	xmlns:xsi="http://www.w3.org/2001/XMLSchema-instance" xsi:schemaLocation="
http://www.mulesoft.org/schema/mule/json http://www.mulesoft.org/schema/mule/json/current/mule-json.xsd 
http://www.mulesoft.org/schema/mule/https http://www.mulesoft.org/schema/mule/https/current/mule-https.xsd 
http://www.mulesoft.org/schema/mule/xml http://www.mulesoft.org/schema/mule/xml/current/mule-xml.xsd http://www.mulesoft.org/schema/mule/ee/jdbc http://www.mulesoft.org/schema/mule/ee/jdbc/current/mule-jdbc-ee.xsd 
http://www.mulesoft.org/schema/mule/http http://www.mulesoft.org/schema/mule/http/current/mule-http.xsd 
http://www.mulesoft.org/schema/mule/ee/jdbc http://www.mulesoft.org/schema/mule/ee/jdbc/current/mule-jdbc-ee.xsd 
http://www.springframework.org/schema/beans http://www.springframework.org/schema/beans/spring-beans-current.xsd 
http://www.mulesoft.org/schema/mule/core http://www.mulesoft.org/schema/mule/core/current/mule.xsd 
http://www.mulesoft.org/schema/mule/cxf http://www.mulesoft.org/schema/mule/cxf/current/mule-cxf.xsd 
http://www.mulesoft.org/schema/mule/jersey http://www.mulesoft.org/schema/mule/jersey/current/mule-jersey.xsd  
http://jersey.apache.org/core http://jersey.apache.org/schemas/core.xsd  
http://www.mulesoft.org/schema/mule/ee/data-mapper http://www.mulesoft.org/schema/mule/ee/data-mapper/current/mule-data-mapper.xsd 
http://www.mulesoft.org/schema/mule/file http://www.mulesoft.org/schema/mule/file/current/mule-file.xsd ">

	<context:property-placeholder location="file://${conf_path}/ibroker_storage/iBroker-Storage-service.properties,classpath:release_notes.properties"/>
	
	<https:connector name="HTTPS_inbound" cookieSpec="netscape" validateConnections="false" sendBufferSize="0" receiveBufferSize="0" 
		receiveBacklog="0" clientSoTimeout="${app.response.timeout}" serverSoTimeout="${app.response.timeout}">
  	   <https:tls-key-store path="${ssl.certpath}" keyPassword="${ssl.password}" storePassword="${ssl.password}" /> 
	</https:connector>

    <flow name="IBrokerStorageFlow"> 
        <https:inbound-endpoint address="${app.ibrokerstorage.url}" 
       						exchange-pattern="request-response" connector-ref="HTTPS_inbound"> 
        </https:inbound-endpoint>    
		
		<set-variable value="${san.app.url}" variableName="appSanUrl"/>
		<set-variable value="${san.user}" variableName="app.san.user"/>
		<set-variable value="${vco.user}" variableName="app.vco.user"/>
		<set-variable value="${app.ibrokersecurity.url.v2}" variableName="app.security.url.v2"/>
		<set-variable value="${app.ibrokersecurity.url.v3}" variableName="app.security.url.v3"/>
		<set-variable value="${vco.app.url}" variableName="appVcoUrl"/>
		<set-variable value="${http.connector.script}" variableName="httpConnectorScript"/>				
		<set-variable value="${STORAGE_RESERVED_SUCCESS}" variableName="reserved.success"/>
		<set-variable value="${STORAGE_RESERVE_POOL_SUCCESS}" variableName="reserve.pool.success"/>
		<set-variable value="${STORAGE_RESERVED_FAILED}" variableName="reserved.failed"/>
		<set-variable value="${STORAGE_RESERVE_POOL_FAILED}" variableName="reserve.pool.failed"/>
		<set-variable value="${STORAGE_NO_RESULT}" variableName="reserved.noresult"/>
		<set-variable value="${STORAGE_RETRY_ERROR}" variableName="reserved.retry"/>
		<set-variable value="${STORAGE_TOKEN_PROPERTY_NAME}" variableName="token.property.name"/>
		<set-variable value="${STORAGE_SUCCESS_TOKEN_PROPERTY_PATTERN}" variableName="success.token.property.pattern"/>
		<set-variable value="${STORAGE_RETRY_TOKEN_PROPERTY_PATTERN}" variableName="retry.token.property.pattern"/>
		<set-variable value="${version}" variableName="app.version"/>   

		<flow-ref name="IBrokerStorageV1Flow"/>

	</flow>
		
    <flow name="IBrokerStorageV1Flow"> 
        <cxf:jaxws-service serviceClass="net.jpmchase.gti.automation.ibroker.storage.IBrokerStorageService" validationEnabled="true">   
           	<cxf:outFaultInterceptors>
        		<spring:bean id="outfault" 
        				class="net.jpmchase.gti.automation.ibroker.storage.IBrokerStorageCustomFaultInterceptor">
        			<spring:property name="illegalArgumentError" value="${ILLEGAL_ARGUMENT_ERROR}"/>
					<spring:property name="sordTimeoutError" value="${STORAGE_TIMEOUT_ERROR}"/>
					<spring:property name="sordConnectionError" value="${STORAGE_CONNECTION_ERROR}"/>
					<spring:property name="parseError" value="${PARSE_ERROR}"/>
					<spring:property name="requestFailed" value="${REQUEST_FAILED}"/>
        		</spring:bean>
        	</cxf:outFaultInterceptors>         
        </cxf:jaxws-service>      
		
		<set-variable value="#[flowVars['cxf_operation'].getLocalPart()]" variableName="SOAPAction"/> 
		
		<set-variable value="#[message.payload]" variableName="currentRequest" />
		
		<custom-transformer class="net.jpmchase.gti.automation.ibroker.storage.transformer.BasicAuthorizationReadTransformer"/>
		<set-variable value="#[message.payload]" variableName="basicAuthValue" />
		<logger level="INFO" message="basicAuthValue=#[basicAuthValue]"/>

        <choice doc:name="Choice">
          <when expression="#[flowVars['cxf_operation'].getLocalPart().equals('pingOperation')]"> 
	          <processor-chain> 
	             <logger message="calling ping(), payload=#[message.payload]" level="INFO"/>  
	             <component class="net.jpmchase.gti.automation.ibroker.storage.IBrokerStorageService"/> 
	             <custom-transformer class="net.jpmchase.gti.automation.ibroker.storage.transformer.PingMessageTransformer"/>
	          </processor-chain>  
	      </when>  
        
          <when expression="#[org.mule.util.StringUtils.isEmpty(message.payload)]">
			<processor-chain>				
    			<custom-transformer class="net.jpmchase.gti.automation.ibroker.storage.transformer.BadRequestMessageTransformer"/>		
   				<message-properties-transformer doc:name="Message Properties">
 					<add-message-property key="http.status" value="401" /> 
 					<add-message-property key="WWW-Authenticate" value="Basic realm='Automation stuff'" /> 
    			</message-properties-transformer>
			</processor-chain>      
          </when>
          <otherwise>
			<!-- <set-variable value="#[message.inboundProperties['http.headers']['Authorization']]" variableName="userAuth" /> -->
			<set-variable value="#[basicAuthValue]" variableName="userAuth" />
			<logger level="INFO" message="UserCred=#[userAuth]"/>

			<set-payload value="#[currentRequest]"/>  
			      		          
	        <choice doc:name="Choice"> 					
	          <when expression="#[flowVars['cxf_operation'].getLocalPart().equals('readSanReservation')]"> 
	             <processor-chain> 
	               <logger message="calling getSanReservedFlow payload=#[message.payload]" level="INFO"/> 
	               <flow-ref name="getSanReservedFlow"/>  
	             </processor-chain>  
	          </when>  

	          <when expression="#[flowVars['cxf_operation'].getLocalPart().equals('createSanPoolReservation')]"> 
	             <processor-chain> 
	               <logger message="calling doSanPoolReservationFlow payload=#[message.payload]" level="INFO"/>	               
	               <flow-ref name="doSanPoolReservationFlow"/>  
	             </processor-chain>  
	          </when>  

	          <when expression="#[flowVars['cxf_operation'].getLocalPart().equals('readWorkflowsByName')]"> 
	             <processor-chain> 
	               <logger message="calling readWorkflowsByNameFlow payload=#[message.payload]" level="INFO"/>	
	               <flow-ref name="readWorkflowsByNameFlow"/>   
	             </processor-chain>  
	          </when>  

	          <when expression="#[flowVars['cxf_operation'].getLocalPart().equals('readWorkflowTokenResult')]"> 
	             <processor-chain> 
	               <logger message="calling readWorkflowTokenResultFlow payload=#[message.payload]" level="INFO"/>
	               <flow-ref name="readWorkflowTokenResultFlow"/>   
	             </processor-chain>  
	          </when>  

	          <when expression="#[flowVars['cxf_operation'].getLocalPart().equals('readWorkflowTokenStatus')]"> 
	             <processor-chain> 
	               <logger message="calling readWorkflowTokenStatusFlow payload=#[message.payload]" level="INFO"/>
	               <flow-ref name="readWorkflowTokenStatusFlow"/>
	             </processor-chain>  
	          </when>  
	          
	          <when expression="#[flowVars['cxf_operation'].getLocalPart().equals('createExecuteWorkflow')]"> 
	             <processor-chain> 
	               <logger message="calling runWorkflowFlow payload=#[message.payload]" level="INFO"/>
	               <flow-ref name="createExecuteWorkflow"/>   
	             </processor-chain>  
	          </when>  

	          <when expression="#[flowVars['cxf_operation'].getLocalPart().equals('healthCheckOperation')]"> 
	             <processor-chain> 
	               <logger message="calling healthCheck(), payload=#[message.payload]" level="INFO"/>  
	               <component class="net.jpmchase.gti.automation.ibroker.storage.IBrokerStorageService"/> 
	               <custom-transformer class="net.jpmchase.gti.automation.ibroker.storage.transformer.HealthCheckMessageTransformer"/>
	             </processor-chain>  
	          </when>  
		          
	          <otherwise> 
	             <logger level="INFO" message="Not a valid service request, #[message.payload]"/>                
	             <custom-transformer class="net.jpmchase.gti.automation.ibroker.storage.transformer.BadRequestMessageTransformer"/>
	          </otherwise>  
	        </choice>
          </otherwise>  
        </choice>    	            
    </flow>
        
    <flow name="getSanReservedFlow">
    
      <component class="net.jpmchase.gti.automation.ibroker.storage.IBrokerStorageService"/>

      <logger level="INFO" message="Calling security layer"/>
	  <flow-ref name="iBrokerSecurityV2ConsumerFlow"/>      
      <logger level="INFO" message="Calling audit layer"/>  
      <flow-ref name="iBrokerAuditConsumerStringFlow"/>       

	  <logger level="INFO" message="Calling createpayloadTransformer"/>
	  <custom-transformer class="net.jpmchase.gti.automation.ibroker.storage.transformer.CreatePayloadTransformer"/>
	  
	  <logger level="INFO" message="getSanReserved-basicAuthValue=#[basicAuthorization]"/>
	  
      <logger level="INFO" message="Setting basic authentication"/>
      <message-properties-transformer>
  		<add-message-property key="Content-type" value="application/xml" /> 
  		<add-message-property key="Authorization" value="#[basicAuthorization]" /> 
  		<add-message-property key="Accept" value="application/xml" /> 
	  </message-properties-transformer>
		
        <http:outbound-endpoint 
        		address="${san.app.url}" 
        		exchange-pattern="request-response" responseTimeout="${app.response.timeout}">                        	
            <cxf:jaxws-client
                operation="getSanReserved"                   
                serviceClass="sord.reserve_san_webservice.ReserveSanWebservice"             
                />
        </http:outbound-endpoint>        	
 
	  <custom-transformer class="net.jpmchase.gti.automation.ibroker.storage.transformer.ReserveSanReadResponseTransformer"/>
  
      <choice-exception-strategy> 
          <catch-exception-strategy when="#[exception.causedBy(java.lang.IllegalArgumentException)]"> 
              <set-variable value="${ILLEGAL_ARGUMENT_ERROR}" variableName="errorCode"/>
              <set-payload value="#[exception.getCauseException()]"/>  
              <custom-transformer 
              		class="net.jpmchase.gti.automation.ibroker.storage.exception.ReserveSanServiceException"/>  
          </catch-exception-strategy>  
          
          <catch-exception-strategy when="#[exception.causedExactlyBy(java.net.SocketTimeoutException)]">
              <set-variable value="${STORAGE_TIMEOUT_ERROR}" variableName="errorCode"/>
              <set-payload value="#[exception.getCauseException()]"/>  
              <custom-transformer 
              		class="net.jpmchase.gti.automation.ibroker.storage.exception.ReserveSanServiceException"/>  
          </catch-exception-strategy>  
          
          <catch-exception-strategy when="#[exception.causedExactlyBy(java.net.ConnectException)]">
              <set-variable value="${STORAGE_CONNECTION_ERROR}" variableName="errorCode"/>
              <set-payload value="#[exception.getCauseException()]"/>  
              <custom-transformer 
              		class="net.jpmchase.gti.automation.ibroker.storage.exception.ReserveSanServiceException"/>  
          </catch-exception-strategy>  
          
          <catch-exception-strategy when="#[exception.causedExactlyBy(org.xml.sax.SAXParseException)]">
              <set-variable value="${PARSE_ERROR}" variableName="errorCode"/>
              <set-payload value="#[exception.getCauseException()]"/>  
              <custom-transformer 
              		class="net.jpmchase.gti.automation.ibroker.storage.exception.ReserveSanServiceException"/>  
          </catch-exception-strategy>  

          <catch-exception-strategy when="#[exception.causedExactlyBy(java.lang.RuntimeException)]">                   
              <set-variable value="${STORAGE_CONNECTION_ERROR}" variableName="errorCode"/>
              <set-payload value="#[exception.getCauseException()]"/>  
              <custom-transformer 
              		class="net.jpmchase.gti.automation.ibroker.storage.exception.ReserveSanServiceException"/>  
          </catch-exception-strategy>  

          <catch-exception-strategy> 
              <set-variable value="${REQUEST_FAILED}" variableName="errorCode"/>
              <set-payload value="#[exception.getCauseException()]"/>  
              <custom-transformer 
              		class="net.jpmchase.gti.automation.ibroker.storage.exception.ReserveSanServiceException"/>  
          </catch-exception-strategy>  

      </choice-exception-strategy>  
       
    </flow>


    <flow name="doSanPoolReservationFlow">
    
      <component class="net.jpmchase.gti.automation.ibroker.storage.IBrokerStorageService"/>

      <logger level="INFO" message="Calling security layer"/>
	  <flow-ref name="iBrokerSecurityV2ConsumerFlow"/>      
      <logger level="INFO" message="Calling audit layer"/>  
      <flow-ref name="iBrokerAuditConsumerStringFlow"/>       

	  <logger level="INFO" message="Calling createpayloadTransformer"/>
	  <custom-transformer class="net.jpmchase.gti.automation.ibroker.storage.transformer.CreatePayloadTransformer"/>
	  
	  <logger level="INFO" message="getSanReserved-basicAuthValue=#[basicAuthorization]"/>
	  
      <logger level="INFO" message="Setting basic authentication"/>
      <message-properties-transformer>
  		<add-message-property key="Content-type" value="application/xml" /> 
  		<add-message-property key="Authorization" value="#[basicAuthorization]" /> 
  		<add-message-property key="Accept" value="application/xml" /> 
	  </message-properties-transformer>

        <http:outbound-endpoint 
        		address="${san.app.url}" 
        		exchange-pattern="request-response" responseTimeout="${app.response.timeout}">                        	
            <cxf:jaxws-client
                operation="reserveSanPool"                   
                serviceClass="sord.reserve_san_webservice.ReserveSanWebservice"             
                />
        </http:outbound-endpoint>        	
 
	  <custom-transformer class="net.jpmchase.gti.automation.ibroker.storage.transformer.ReserveSanReadResponseTransformer"/>
    
      <choice-exception-strategy> 
          <catch-exception-strategy when="#[exception.causedBy(java.lang.IllegalArgumentException)]"> 
              <set-variable value="${ILLEGAL_ARGUMENT_ERROR}" variableName="errorCode"/>
              <set-payload value="#[exception.getCauseException()]"/>  
              <custom-transformer 
              		class="net.jpmchase.gti.automation.ibroker.storage.exception.ReserveSanPoolServiceException"/>  
          </catch-exception-strategy>  
          
          <catch-exception-strategy when="#[exception.causedExactlyBy(java.net.SocketTimeoutException)]">
              <set-variable value="${STORAGE_TIMEOUT_ERROR}" variableName="errorCode"/>
              <set-payload value="#[exception.getCauseException()]"/>  
              <custom-transformer 
              		class="net.jpmchase.gti.automation.ibroker.storage.exception.ReserveSanPoolServiceException"/>  
          </catch-exception-strategy>  
          
          <catch-exception-strategy when="#[exception.causedExactlyBy(java.net.ConnectException)]">
              <set-variable value="${STORAGE_CONNECTION_ERROR}" variableName="errorCode"/>
              <set-payload value="#[exception.getCauseException()]"/>  
              <custom-transformer 
              		class="net.jpmchase.gti.automation.ibroker.storage.exception.ReserveSanPoolServiceException"/>  
          </catch-exception-strategy>  
          
          <catch-exception-strategy when="#[exception.causedExactlyBy(org.xml.sax.SAXParseException)]">
              <set-variable value="${PARSE_ERROR}" variableName="errorCode"/>
              <set-payload value="#[exception.getCauseException()]"/>  
              <custom-transformer 
              		class="net.jpmchase.gti.automation.ibroker.storage.exception.ReserveSanPoolServiceException"/>  
          </catch-exception-strategy>  

          <catch-exception-strategy when="#[exception.causedExactlyBy(java.lang.RuntimeException)]">                   
              <set-variable value="${STORAGE_CONNECTION_ERROR}" variableName="errorCode"/>
              <set-payload value="#[exception.getCauseException()]"/>  
              <custom-transformer 
              		class="net.jpmchase.gti.automation.ibroker.storage.exception.ReserveSanPoolServiceException"/>  
          </catch-exception-strategy>  

          <catch-exception-strategy> 
              <set-variable value="${REQUEST_FAILED}" variableName="errorCode"/>
              <set-payload value="#[exception.getCauseException()]"/>  
              <custom-transformer 
              		class="net.jpmchase.gti.automation.ibroker.storage.exception.ReserveSanPoolServiceException"/>  
          </catch-exception-strategy>  

      </choice-exception-strategy>  
    
    </flow>


	<flow name="readWorkflowsByNameFlow">		
	  <component class="net.jpmchase.gti.automation.ibroker.storage.IBrokerStorageService"/>
	  
	  <logger level="INFO" message="Calling security layer"/>
	  <flow-ref name="iBrokerSecurityV3ConsumerFlow"/>      
	  
	  <logger level="INFO" message="Calling audit layer"/>  
      <flow-ref name="iBrokerAuditConsumerStringFlow"/>       
	  
	  <flow-ref name="getWorkflowsWithNameFlow"/>
	  
	  <choice-exception-strategy> 
          <catch-exception-strategy when="#[exception.causedBy(java.lang.IllegalArgumentException)]"> 
              <set-variable value="${ILLEGAL_ARGUMENT_ERROR}" variableName="errorCode"/>
              <set-payload value="#[exception.getCauseException()]"/>  
              <custom-transformer 
              		class="net.jpmchase.gti.automation.ibroker.storage.exception.WorkflowsByNameServiceException"/>  
          </catch-exception-strategy>  
          
          <catch-exception-strategy when="#[exception.causedExactlyBy(java.net.SocketTimeoutException)]">
              <set-variable value="${STORAGE_TIMEOUT_ERROR}" variableName="errorCode"/>
              <set-payload value="#[exception.getCauseException()]"/>  
              <custom-transformer 
              		class="net.jpmchase.gti.automation.ibroker.storage.exception.WorkflowsByNameServiceException"/>  
          </catch-exception-strategy>  
          
          <catch-exception-strategy when="#[exception.causedExactlyBy(java.net.ConnectException)]">
              <set-variable value="${STORAGE_CONNECTION_ERROR}" variableName="errorCode"/>
              <set-payload value="#[exception.getCauseException()]"/>  
              <custom-transformer 
              		class="net.jpmchase.gti.automation.ibroker.storage.exception.WorkflowsByNameServiceException"/>  
          </catch-exception-strategy>  
          
          <catch-exception-strategy when="#[exception.causedExactlyBy(org.xml.sax.SAXParseException)]">
              <set-variable value="${PARSE_ERROR}" variableName="errorCode"/>
              <set-payload value="#[exception.getCauseException()]"/>  
              <custom-transformer 
              		class="net.jpmchase.gti.automation.ibroker.storage.exception.WorkflowsByNameServiceException"/>  
          </catch-exception-strategy>  

          <catch-exception-strategy when="#[exception.causedExactlyBy(java.lang.RuntimeException)]">                   
              <set-variable value="${STORAGE_CONNECTION_ERROR}" variableName="errorCode"/>
              <set-payload value="#[exception.getCauseException()]"/>  
              <custom-transformer 
              		class="net.jpmchase.gti.automation.ibroker.storage.exception.WorkflowsByNameServiceException"/>  
          </catch-exception-strategy>  

          <catch-exception-strategy> 
              <set-variable value="${REQUEST_FAILED}" variableName="errorCode"/>
              <set-payload value="#[exception.getCauseException()]"/>  
              <custom-transformer 
              		class="net.jpmchase.gti.automation.ibroker.storage.exception.WorkflowsByNameServiceException"/>  
          </catch-exception-strategy>  

      </choice-exception-strategy>
	</flow>

	<flow name="createExecuteWorkflow">		
	  <component class="net.jpmchase.gti.automation.ibroker.storage.IBrokerStorageService"/>
	  
	  <logger level="INFO" message="Calling security layer"/>
	  <flow-ref name="iBrokerSecurityV3ConsumerFlow"/>      
	  
	  <logger level="INFO" message="Calling audit layer"/>  
      <flow-ref name="iBrokerAuditConsumerStringFlow"/>       
	  
	  <flow-ref name="executeWorkflowFlow"/>
	   
	  <choice-exception-strategy> 
          <catch-exception-strategy when="#[exception.causedBy(java.lang.IllegalArgumentException)]"> 
              <set-variable value="${ILLEGAL_ARGUMENT_ERROR}" variableName="errorCode"/>
              <set-payload value="#[exception.getCauseException()]"/>  
              <custom-transformer 
              		class="net.jpmchase.gti.automation.ibroker.storage.exception.ExecuteWorkflowServiceException"/>  
          </catch-exception-strategy>  
          
          <catch-exception-strategy when="#[exception.causedExactlyBy(java.net.SocketTimeoutException)]">
              <set-variable value="${STORAGE_TIMEOUT_ERROR}" variableName="errorCode"/>
              <set-payload value="#[exception.getCauseException()]"/>  
              <custom-transformer 
              		class="net.jpmchase.gti.automation.ibroker.storage.exception.ExecuteWorkflowServiceException"/>  
          </catch-exception-strategy>  
          
          <catch-exception-strategy when="#[exception.causedExactlyBy(java.net.ConnectException)]">
              <set-variable value="${STORAGE_CONNECTION_ERROR}" variableName="errorCode"/>
              <set-payload value="#[exception.getCauseException()]"/>  
              <custom-transformer 
              		class="net.jpmchase.gti.automation.ibroker.storage.exception.ExecuteWorkflowServiceException"/>  
          </catch-exception-strategy>  
          
          <catch-exception-strategy when="#[exception.causedExactlyBy(org.xml.sax.SAXParseException)]">
              <set-variable value="${PARSE_ERROR}" variableName="errorCode"/>
              <set-payload value="#[exception.getCauseException()]"/>  
              <custom-transformer 
              		class="net.jpmchase.gti.automation.ibroker.storage.exception.ExecuteWorkflowServiceException"/>  
          </catch-exception-strategy>  

          <catch-exception-strategy when="#[exception.causedExactlyBy(java.lang.RuntimeException)]">                   
              <set-variable value="${STORAGE_CONNECTION_ERROR}" variableName="errorCode"/>
              <set-payload value="#[exception.getCauseException()]"/>  
              <custom-transformer 
              		class="net.jpmchase.gti.automation.ibroker.storage.exception.ExecuteWorkflowServiceException"/>  
          </catch-exception-strategy>  

          <catch-exception-strategy> 
              <set-variable value="${REQUEST_FAILED}" variableName="errorCode"/>
              <set-payload value="#[exception.getCauseException()]"/>  
              <custom-transformer 
              		class="net.jpmchase.gti.automation.ibroker.storage.exception.ExecuteWorkflowServiceException"/>  
          </catch-exception-strategy>  

      </choice-exception-strategy>	   
	</flow>

	<flow name="readWorkflowTokenStatusFlow">		
	  <component class="net.jpmchase.gti.automation.ibroker.storage.IBrokerStorageService"/>

	  <logger level="INFO" message="Calling security layer"/>
	  <flow-ref name="iBrokerSecurityV3ConsumerFlow"/>      

	  <logger level="INFO" message="Calling audit layer"/>  
      <flow-ref name="iBrokerAuditConsumerStringFlow"/>       
	  
	  <flow-ref name="getWorkflowTokenStatusFlow"/>
	  
	  <choice-exception-strategy> 
          <catch-exception-strategy when="#[exception.causedBy(java.lang.IllegalArgumentException)]"> 
              <set-variable value="${ILLEGAL_ARGUMENT_ERROR}" variableName="errorCode"/>
              <set-payload value="#[exception.getCauseException()]"/>  
              <custom-transformer 
              		class="net.jpmchase.gti.automation.ibroker.storage.exception.WorkflowTokenStatusServiceException"/>  
          </catch-exception-strategy>  
          
          <catch-exception-strategy when="#[exception.causedExactlyBy(java.net.SocketTimeoutException)]">
              <set-variable value="${STORAGE_TIMEOUT_ERROR}" variableName="errorCode"/>
              <set-payload value="#[exception.getCauseException()]"/>  
              <custom-transformer 
              		class="net.jpmchase.gti.automation.ibroker.storage.exception.WorkflowTokenStatusServiceException"/>  
          </catch-exception-strategy>  
          
          <catch-exception-strategy when="#[exception.causedExactlyBy(java.net.ConnectException)]">
              <set-variable value="${STORAGE_CONNECTION_ERROR}" variableName="errorCode"/>
              <set-payload value="#[exception.getCauseException()]"/>  
              <custom-transformer 
              		class="net.jpmchase.gti.automation.ibroker.storage.exception.WorkflowTokenStatusServiceException"/>  
          </catch-exception-strategy>  
          
          <catch-exception-strategy when="#[exception.causedExactlyBy(org.xml.sax.SAXParseException)]">
              <set-variable value="${PARSE_ERROR}" variableName="errorCode"/>
              <set-payload value="#[exception.getCauseException()]"/>  
              <custom-transformer 
              		class="net.jpmchase.gti.automation.ibroker.storage.exception.WorkflowTokenStatusServiceException"/>  
          </catch-exception-strategy>  

          <catch-exception-strategy when="#[exception.causedExactlyBy(java.lang.RuntimeException)]">                   
              <set-variable value="${STORAGE_CONNECTION_ERROR}" variableName="errorCode"/>
              <set-payload value="#[exception.getCauseException()]"/>  
              <custom-transformer 
              		class="net.jpmchase.gti.automation.ibroker.storage.exception.WorkflowTokenStatusServiceException"/>  
          </catch-exception-strategy>  

          <catch-exception-strategy> 
              <set-variable value="${REQUEST_FAILED}" variableName="errorCode"/>
              <set-payload value="#[exception.getCauseException()]"/>  
              <custom-transformer 
              		class="net.jpmchase.gti.automation.ibroker.storage.exception.WorkflowTokenStatusServiceException"/>  
          </catch-exception-strategy>  

      </choice-exception-strategy>	   	  
	</flow>	

	<flow name="readWorkflowTokenResultFlow">		
	  <component class="net.jpmchase.gti.automation.ibroker.storage.IBrokerStorageService"/>

	  <logger level="INFO" message="Calling security layer"/>
	  <flow-ref name="iBrokerSecurityV3ConsumerFlow"/>      

	  <logger level="INFO" message="Calling audit layer"/>  
      <flow-ref name="iBrokerAuditConsumerStringFlow"/>       
	  
	  <flow-ref name="getWorkflowTokenResultFlow"/>

	  <choice-exception-strategy> 
          <catch-exception-strategy when="#[exception.causedBy(java.lang.IllegalArgumentException)]"> 
              <set-variable value="${ILLEGAL_ARGUMENT_ERROR}" variableName="errorCode"/>
              <set-payload value="#[exception.getCauseException()]"/>  
              <custom-transformer 
              		class="net.jpmchase.gti.automation.ibroker.storage.exception.WorkflowTokenResultServiceException"/>  
          </catch-exception-strategy>  
          
          <catch-exception-strategy when="#[exception.causedExactlyBy(java.net.SocketTimeoutException)]">
              <set-variable value="${STORAGE_TIMEOUT_ERROR}" variableName="errorCode"/>
              <set-payload value="#[exception.getCauseException()]"/>  
              <custom-transformer 
              		class="net.jpmchase.gti.automation.ibroker.storage.exception.WorkflowTokenResultServiceException"/>  
          </catch-exception-strategy>  
          
          <catch-exception-strategy when="#[exception.causedExactlyBy(java.net.ConnectException)]">
              <set-variable value="${STORAGE_CONNECTION_ERROR}" variableName="errorCode"/>
              <set-payload value="#[exception.getCauseException()]"/>  
              <custom-transformer 
              		class="net.jpmchase.gti.automation.ibroker.storage.exception.WorkflowTokenResultServiceException"/>  
          </catch-exception-strategy>  
          
          <catch-exception-strategy when="#[exception.causedExactlyBy(org.xml.sax.SAXParseException)]">
              <set-variable value="${PARSE_ERROR}" variableName="errorCode"/>
              <set-payload value="#[exception.getCauseException()]"/>  
              <custom-transformer 
              		class="net.jpmchase.gti.automation.ibroker.storage.exception.WorkflowTokenResultServiceException"/>  
          </catch-exception-strategy>  

          <catch-exception-strategy when="#[exception.causedExactlyBy(java.lang.RuntimeException)]">                   
              <set-variable value="${STORAGE_CONNECTION_ERROR}" variableName="errorCode"/>
              <set-payload value="#[exception.getCauseException()]"/>  
              <custom-transformer 
              		class="net.jpmchase.gti.automation.ibroker.storage.exception.WorkflowTokenResultServiceException"/>  
          </catch-exception-strategy>  

          <catch-exception-strategy> 
              <set-variable value="${REQUEST_FAILED}" variableName="errorCode"/>
              <set-payload value="#[exception.getCauseException()]"/>  
              <custom-transformer 
              		class="net.jpmchase.gti.automation.ibroker.storage.exception.WorkflowTokenResultServiceException"/>  
          </catch-exception-strategy>  

      </choice-exception-strategy>	   	  	  
	</flow>


	<flow name="readStorageDeviceDataFlow">
		
		
	  <component class="net.jpmchase.gti.automation.ibroker.storage.IBrokerStorageService"/>
	  <!-- 
	  <custom-transformer class="net.jpmchase.gti.automation.ibroker.storage.transformer.CreatePayloadTransformer"/>
	  
	  <logger level="INFO" message="Setting basic authentication"/>
      <message-properties-transformer>
  		<add-message-property key="Content-type" value="application/xml" /> 
  		<add-message-property key="Authorization" value="#[basicAuthorization]" /> 
  		<add-message-property key="Accept" value="*/*" /> 
	  </message-properties-transformer>
	  
	  <logger level="INFO" message="read host status, cfengineIP=#[cfengineIP]"/>
      <http:outbound-endpoint method="GET" 
        	address="http://#[VCOFQDN]/rest/host?context=#[hostIPAddress]&amp;from=#[hostUTCTime]" 
        	exchange-pattern="request-response" responseTimeout="${app.response.timeout}">                        	
	  </http:outbound-endpoint>    	  
	  <set-variable variableName="shaKeyJson" value="#[payload:java.lang.String]"/>
	  <logger message="SHA Key JSON string value, response payload=#[shaKeyJson]" level="INFO"/>
	  
	  <custom-transformer class="net.jpmchase.gti.automation.ibroker.storage.transformer.JSONStorageReadResponseTransformer"/>
	 	-->
	</flow>
	
			 
	<flow name="iBrokerAuditConsumerStringFlow">
	    <set-variable variableName="originalPayload" value="#[message.payload]"/>
	    <set-variable value="#[message.payload.getRequest().getSolutionName()]" variableName="solution.name"/>
	    <set-variable value="#[message.payload.getRequest().getOrderID()]" variableName="order.id"/>
	    <set-payload value="#[message.payload.getRequest()]" />
	    <mulexml:object-to-xml-transformer />
        <custom-transformer class="net.jpmchase.gti.automation.ibroker.storage.transformer.CreateAuditItemTransformer" />        
        <https:outbound-endpoint 
        		address="${app.ibrokeraudit.url}" 
        		exchange-pattern="request-response" responseTimeout="${app.response.timeout}">                        	
            <cxf:jaxws-client
                operation="createAuditItemOperation"                   
                serviceClass="com.jpmc.gti.automation.audit.IBrokerAuditService"             
                />
        </https:outbound-endpoint>        
        <set-payload value="#[originalPayload]" />	
	</flow>

	<flow name="iBrokerSecurityV3ConsumerFlow">
	    <set-variable variableName="originalPayload" value="#[message.payload]"/>
	    <set-variable value="#[message.payload.getRequest().getSolutionName()]" variableName="solution.name"/>
	    <set-variable value="#[message.payload.getRequest().getOrderID()]" variableName="order.id"/>
	    <!-- 	    
        <custom-transformer class="net.jpmchase.gti.automation.ibroker.storage.transformer.CreateAuthenticationAuthorizationV3MessageTransformer" />        
        <https:outbound-endpoint 
        		address="${app.ibrokersecurity.url.v3}" 
        		exchange-pattern="request-response" responseTimeout="${app.response.timeout}">                        	
            <cxf:jaxws-client
                operation="readAuthorization"                   
                serviceClass="net.jpmchase.gti.automation.ibroker.security.v3.IBrokerSecurityV3Service"             
                />
        </https:outbound-endpoint>        
        <custom-transformer class="net.jpmchase.gti.automation.ibroker.storage.transformer.ValidateUserRolePermissionTransformer" />
         -->    
        <set-payload value="#[originalPayload]" />
	</flow>

	<flow name="iBrokerSecurityV2ConsumerFlow">
	    <set-variable variableName="originalPayload" value="#[message.payload]"/>
	    <set-variable value="#[message.payload.getRequest().getSolutionName()]" variableName="solution.name"/>
	    <set-variable value="#[message.payload.getRequest().getOrderID()]" variableName="order.id"/>	    
        <custom-transformer class="net.jpmchase.gti.automation.ibroker.storage.transformer.CreateAuthenticationAuthorizationMessageTransformer" />        
        <https:outbound-endpoint 
        		address="${app.ibrokersecurity.url.v2}" 
        		exchange-pattern="request-response" responseTimeout="${app.response.timeout}">                        	
            <cxf:jaxws-client
                operation="readAuthorization"                   
                serviceClass="net.jpmc.gti.automation.security.v2.IBrokerSecurityV2Service"             
                />
        </https:outbound-endpoint>        
        <custom-transformer class="net.jpmchase.gti.automation.ibroker.storage.transformer.ValidateUserPermissionTransformer" />        
        <set-payload value="#[originalPayload]" />
	</flow>
	
	<flow name="readWorkflowsByNameFlowREST">
		
	  <component class="net.jpmchase.gti.automation.ibroker.storage.IBrokerStorageService"/>

		
	  <custom-transformer class="net.jpmchase.gti.automation.ibroker.storage.transformer.CreatePayloadTransformer"/>
	  
	  <logger level="INFO" message="Setting basic authentication"/>
      <message-properties-transformer>
  		<add-message-property key="Content-type" value="application/xml" /> 
  		<add-message-property key="Authorization" value="#[basicAuthorization]" /> 
  		<add-message-property key="Accept" value="application/json" /> 
	  </message-properties-transformer>
	  
	  <logger level="INFO" message="read workflow by name, vco instance=#[vcoInstance]"/>
	  <logger level="INFO" message="read workflow by name, payload before uri call=#[message.payload]"/>
	  <logger level="INFO" message="read workflow uri=https://#[vcoInstance]/api/workflows/?conditions=name=#[message.payload]"/>
	  
      <https:outbound-endpoint method="GET"        	 
        	address="https://iaas.lab.601travis.jpmchase.net/api/workflows/?conditions=name%3DSAN_Allocation"  encoding="UTF-8"
        	exchange-pattern="request-response" responseTimeout="${app.response.timeout}">                        	
	  </https:outbound-endpoint>    	  
	  <set-variable variableName="workflowJSON" value="#[payload:java.lang.String]"/>
	  <logger message="workflow JSON string value, response payload=#[workflowJSON]" level="INFO"/>
	  
	  
	  <custom-transformer class="net.jpmchase.gti.automation.ibroker.storage.transformer.JSONStorageReadResponseTransformer"/>
	  
	  <custom-transformer class="net.jpmchase.gti.automation.ibroker.storage.transformer.WorkflowsByNameReadResponseTransformer"/>	
		 
	</flow>
	
	<flow name="createExecuteWorkflowREST">
		
	  <component class="net.jpmchase.gti.automation.ibroker.storage.IBrokerStorageService"/>
	  
	  <custom-transformer class="net.jpmchase.gti.automation.ibroker.storage.transformer.CreatePayloadTransformer"/>
	  
	  <logger level="INFO" message="Setting basic authentication"/>
      <message-properties-transformer>
  		<add-message-property key="Content-type" value="application/xml" /> 
  		<add-message-property key="Authorization" value="#[basicAuthorization]" /> 
  		<add-message-property key="Accept" value="application/json" /> 
	  </message-properties-transformer>
	  
	  <logger level="INFO" message="execute workflow, vco instance=#[vcoInstance]"/>
	  <logger level="INFO" message="execute workflow ID=#[workflowID]"/>
	  <logger level="INFO" message="execute workflow, payload before uri call=#[message.payload]"/>
	  <logger level="INFO" message="execute workflow uri=https://#[vcoInstance]/api/workflows/#[workflowID]/executions/"/>
	  
      <https:outbound-endpoint method="POST" 
        	address="https://iaas.lab.601travis.jpmchase.net/api/workflows/d6b3edc3-51a2-4b68-b016-78134f59a10d/executions/"
        	exchange-pattern="request-response" responseTimeout="${app.response.timeout}">                        	
	  </https:outbound-endpoint>    	  
	  <set-variable variableName="executeWorkflowJSON" value="#[payload:java.lang.String]"/>
	  <logger message="execute workflow JSON string value, response payload=#[executeWorkflowJSON]" level="INFO"/>
	  
	  <custom-transformer class="net.jpmchase.gti.automation.ibroker.storage.transformer.JSONStorageReadResponseTransformer"/>
	  
	  <custom-transformer class="net.jpmchase.gti.automation.ibroker.storage.transformer.ExecuteWorkflowReadResponseTransformer"/>

		 
	</flow>
	
	

</mule>