<?xml version="1.0" encoding="UTF-8"?>
<mule xmlns:json="http://www.mulesoft.org/schema/mule/json"
	xmlns:https="http://www.mulesoft.org/schema/mule/https"
	xmlns:mulexml="http://www.mulesoft.org/schema/mule/xml"
	xmlns:context="http://www.springframework.org/schema/context" xmlns:cxf="http://www.mulesoft.org/schema/mule/cxf"
	xmlns:http="http://www.mulesoft.org/schema/mule/http"
	xmlns:jdbc-ee="http://www.mulesoft.org/schema/mule/ee/jdbc" 
	xmlns:data-mapper="http://www.mulesoft.org/schema/mule/ee/data-mapper" 
	xmlns:file="http://www.mulesoft.org/schema/mule/file" 
	xmlns="http://www.mulesoft.org/schema/mule/core" 
	xmlns:doc="http://www.mulesoft.org/schema/mule/documentation" 
	xmlns:spring="http://www.springframework.org/schema/beans" version="EE-3.3.2" 
	xmlns:xsi="http://www.w3.org/2001/XMLSchema-instance" xsi:schemaLocation="
http://www.mulesoft.org/schema/mule/json http://www.mulesoft.org/schema/mule/json/current/mule-json.xsd 
http://www.mulesoft.org/schema/mule/https http://www.mulesoft.org/schema/mule/https/current/mule-https.xsd 
http://www.mulesoft.org/schema/mule/xml http://www.mulesoft.org/schema/mule/xml/current/mule-xml.xsd http://www.mulesoft.org/schema/mule/ee/jdbc http://www.mulesoft.org/schema/mule/ee/jdbc/current/mule-jdbc-ee.xsd 
http://www.mulesoft.org/schema/mule/http http://www.mulesoft.org/schema/mule/http/current/mule-http.xsd 
http://www.mulesoft.org/schema/mule/ee/jdbc http://www.mulesoft.org/schema/mule/ee/jdbc/current/mule-jdbc-ee.xsd 
http://www.springframework.org/schema/beans http://www.springframework.org/schema/beans/spring-beans-current.xsd 
http://www.mulesoft.org/schema/mule/core http://www.mulesoft.org/schema/mule/core/current/mule.xsd 
http://www.mulesoft.org/schema/mule/cxf http://www.mulesoft.org/schema/mule/cxf/current/mule-cxf.xsd 
http://www.mulesoft.org/schema/mule/ee/data-mapper http://www.mulesoft.org/schema/mule/ee/data-mapper/current/mule-data-mapper.xsd 
http://www.mulesoft.org/schema/mule/file http://www.mulesoft.org/schema/mule/file/current/mule-file.xsd ">

	<sub-flow name="getWorkflowsWithNameFlow">	
		<logger level="INFO" message="getWorkflowsWithNameFlow - Before calling VCO, payload=#[message.payload]"/>  
		<custom-transformer class="net.jpmchase.gti.automation.ibroker.storage.client.rest.transformer.WorkflowByNameRestPayloadTransformer"/>

        <logger level="INFO" message="getWorkflowsWithNameFlow - After calling VCO, payload=#[message.payload]"/>
        <set-variable variableName="HttpStatus" value="#[vcoStatus]"/>
        <logger message="get workflow by name HTTP Status : #[HttpStatus]" level="INFO"/>
        		
        <logger message="get  workflow by name response transforemr with payload=#[message.payload]" level="INFO"/>
        <custom-transformer class="net.jpmchase.gti.automation.ibroker.storage.client.rest.transformer.WorkflowByNameResponseReadTransformer"/>
        
        <logger message="get workflow by name returning with payload=#[message.payload]" level="INFO"/>	  		
	</sub-flow>
	
	<sub-flow name="executeWorkflowFlow">
		<logger level="INFO" message="executeWorkflow - Before calling VCO, payload=#[message.payload]"/>  
		<custom-transformer class="net.jpmchase.gti.automation.ibroker.storage.client.rest.transformer.WorkflowExecuteRestPayloadTransformer"/>

        <logger level="INFO" message="executeWorkflow - After calling VCO, payload=#[message.payload]"/>
		
					
	</sub-flow>
	
	<sub-flow name="getWorkflowTokenStatusFlow">
		<logger level="INFO" message="getWorkflowTokenStatusFlow - Before calling VCO, payload=#[message.payload]"/>  
		<custom-transformer class="net.jpmchase.gti.automation.ibroker.storage.client.rest.transformer.WorkflowTokenStatusRestPayloadTransformer"/>

        <logger level="INFO" message="getWorkflowTokenStatusFlow - After calling VCO, payload=#[message.payload]"/>
		<custom-transformer class="net.jpmchase.gti.automation.ibroker.storage.client.rest.transformer.WorkflowTokenStatusResponseReadTransformer"/>			
	</sub-flow>
	
	<sub-flow name="getWorkflowTokenResultFlow">
		<logger level="INFO" message="getWorkflowTokenResultFlow - Before calling VCO, payload=#[message.payload]"/>  
		<custom-transformer class="net.jpmchase.gti.automation.ibroker.storage.client.rest.transformer.WorkflowTokenResultRestPayloadTransformer"/>

        <logger level="INFO" message="getWorkflowTokenResultFlow - After calling VCO, payload=#[message.payload]"/>
		<custom-transformer class="net.jpmchase.gti.automation.ibroker.storage.client.rest.transformer.WorkflowTokenResultResponseReadTransformer"/>			
	</sub-flow>	





<!--    SOAP service consumers
	<sub-flow name="executeWorkflowFlow">	
		<logger level="INFO" message="executeWorkflowFlow - Before calling VCO, payload=#[message.payload]"/>  
		<custom-transformer class="net.jpmchase.gti.automation.ibroker.storage.client.transformer.ExecuteWorkflowPayloadTransformer"/>
		
		address="https://#[vcoAuthCredential]@#[vcoContextURL]/vmware-vmo-webcontrol/webservice"	
        <https:outbound-endpoint 
        		address="https://#[message.outboundProperties['vcoContextURL']]" 
        		exchange-pattern="request-response" responseTimeout="${app.response.timeout}">                        	
            <cxf:jaxws-client
                operation="executeWorkflow"                   
                serviceClass="ch.dunes.vso.webservice.VSOWebControl"          
                />
        </https:outbound-endpoint>          
         
        <logger level="INFO" message="executeWorkflowFlow - After calling VCO, payload=#[message.payload]"/>
		<custom-transformer class="net.jpmchase.gti.automation.ibroker.storage.client.transformer.ExecuteWorkflowResponseReadTransformer"/>
	</sub-flow>

	<sub-flow name="getWorkflowsWithNameFlow">	
		<logger level="INFO" message="getWorkflowsWithNameFlow - Before calling VCO, payload=#[message.payload]"/>  
		<custom-transformer class="net.jpmchase.gti.automation.ibroker.storage.client.transformer.WorkflowsWithNamePayloadTransformer"/>

        <https:outbound-endpoint 
        		address="https://#[message.outboundProperties['vcoContextURL']]" 
        		exchange-pattern="request-response" responseTimeout="${app.response.timeout}">                        	
            <cxf:jaxws-client
                operation="getWorkflowsWithName"                   
                serviceClass="ch.dunes.vso.webservice.VSOWebControl"          
                />
        </https:outbound-endpoint>
        <logger level="INFO" message="getWorkflowsWithNameFlow - After calling VCO, payload=#[message.payload]"/>
		<custom-transformer class="net.jpmchase.gti.automation.ibroker.storage.client.transformer.WorkflowsWithNameResponseReadTransformer"/>
	</sub-flow>
	
	<sub-flow name="getWorkflowTokenStatusFlow">	
		<logger level="INFO" message="getWorkflowTokenStatusFlow - Before calling VCO, payload=#[message.payload]"/>  
		<custom-transformer class="net.jpmchase.gti.automation.ibroker.storage.client.transformer.WorkflowTokenStatusPayloadTransformer"/>
        <https:outbound-endpoint 
        		address="https://#[message.outboundProperties['vcoContextURL']]" 
        		exchange-pattern="request-response" responseTimeout="${app.response.timeout}">                        	
            <cxf:jaxws-client
                operation="getWorkflowTokenStatus"                   
                serviceClass="ch.dunes.vso.webservice.VSOWebControl"          
                />
        </https:outbound-endpoint>                   
        <logger level="INFO" message="getWorkflowTokenStatusFlow - After calling VCO, payload=#[message.payload]"/>
		<custom-transformer class="net.jpmchase.gti.automation.ibroker.storage.client.transformer.WorkflowTokenStatusResponseReadTransformer"/>
	</sub-flow>	

	<sub-flow name="getWorkflowTokenResultFlow">	
		<logger level="INFO" message="getWorkflowTokenResultFlow - Before calling VCO payload=#[message.payload]"/>  
		<custom-transformer class="net.jpmchase.gti.automation.ibroker.storage.client.transformer.WorkflowTokenResultPayloadTransformer"/>	
        <https:outbound-endpoint 
        		address="https://#[message.outboundProperties['vcoContextURL']]"
        		exchange-pattern="request-response" responseTimeout="${app.response.timeout}">                        	
            <cxf:jaxws-client
                operation="getWorkflowTokenResult"                   
                serviceClass="ch.dunes.vso.webservice.VSOWebControl"          
                />
        </https:outbound-endpoint>                   
        <logger level="INFO" message="getWorkflowTokenResultFlow - After calling VCO payload=#[message.payload]"/>
		<custom-transformer class="net.jpmchase.gti.automation.ibroker.storage.client.transformer.WorkflowTokenResultResponseReadTransformer"/>
	</sub-flow>
	
-->
</mule>    