<?xml version="1.0" encoding="utf-8"?>
<Configuration>
	<Properties>
		<Property name="app-name">iBroker-Storage</Property>
	</Properties>
	<Appenders>
		<RollingFile name="file"
			fileName   ="${sys:mule.home}${sys:file.separator}logs${sys:file.separator}${app-name}.log"
			filePattern="${sys:mule.home}${sys:file.separator}logs${sys:file.separator}${app-name}.log.%d{yyyy-MM-dd}">
			<PatternLayout pattern="%d [%t] %-5p %c - %m%n" />
			<Policies>
				<TimeBasedTriggeringPolicy interval="1" modulate="true" />
				<!--  
				<SizeBasedTriggeringPolicy size="10 MB" />
				-->
			</Policies>
			<DefaultRolloverStrategy max="10" />
		</RollingFile>
	</Appenders>
	<Loggers>
		<!-- CXF is used heavily by Mule for web services: -->
		<AsyncLogger name="org.apache.cxf" level="WARN" />
		<!-- Apache Commons tend to make a lot of noise which can clutter the log: -->
		<AsyncLogger name="org.apache" level="WARN" />
		<!-- Reduce startup noise: -->
		<AsyncLogger name="org.springframework.beans.factory" level="WARN" />
		<!-- Mule classes: -->
		<AsyncLogger name="org.mule" level="INFO" />
		<AsyncLogger name="com.mulesoft" level="INFO" />
		<!-- Reduce DM verbosity: -->
		<AsyncLogger name="org.jetel" level="WARN" />
		<AsyncLogger name="Tracking" level="WARN" />

		<AsyncRoot level="INFO">
			<AppenderRef ref="file" />
		</AsyncRoot>

	</Loggers>
</Configuration>
